"","deaths","cases","incidence","ifr","p_case","age_group","SAE","v_deaths","doses","p_sae","p_deaths"
"1",65,80342,1272530.16,5.10793394476403e-05,0.0631356352292664,"18-64",7,0,32949,0.000212449543233482,0
"2",178,18747,144112.65,0.00123514486757408,0.130085735013547,"65+",22,1,18445,0.00119273515857956,5.42152344808891e-05
