"","deaths","cases","incidence","ifr","p_case","age_group","SAE","v_deaths","doses","p_sae","p_deaths"
"1",65,80342,1272530.16,5.10793394476403e-05,0.0631356352292664,"18-64",5,0,21282,0.00023494032515741,0
"2",178,18747,144112.65,0.00123514486757408,0.130085735013547,"65+",20,1,16236,0.00123183050012318,6.15915250061592e-05
